{
  "parent": "block/block",
  "display": {
    "thirdperson_righthand": {
      "rotation": [ 75, 135, 0 ],
      "translation": [ 0, 2.5, 0],
      "scale": [ 0.375, 0.375, 0.375 ]
    },
    "thirdperson_lefthand": {
      "rotation": [ 75, 135, 0 ],
      "translation": [ 0, 2.5, 0],
      "scale": [ 0.375, 0.375, 0.375 ]
    },
    "firstperson_righthand": {
      "rotation": [ 0, 135, 0 ],
      "translation": [ 0, 0, 0 ],
      "scale": [ 0.40, 0.40, 0.40 ]
    },
    "firstperson_lefthand": {
      "rotation": [ 0, 135, 0 ],
      "translation": [ 0, 0, 0 ],
      "scale": [ 0.40, 0.40, 0.40 ]
    }
  },
	"textures": {
		"particle": "#side"
	},
	"elements": [
		{
			"name": "Body",
			"from": [1, 4, 1],
			"to": [15, 15, 15],
			"shade": true,
			"faces": {
				"north": {"uv": [1, 2, 15, 13], "texture": "#front"},
				"east": {"uv": [1, 5, 15, 16], "texture": "#side"},
				"south": {"uv": [1, 5, 15, 16], "texture": "#side"},
				"west": {"uv": [1, 5, 15, 16], "texture": "#side"},
				"down": {"uv": [0, 0, 16, 16], "texture": "#side"}
			}
		},
		{
			"name": "Top",
			"from": [0, 15, 0],
			"to": [16, 16, 16],
			"shade": true,
			"faces": {
				"north": {"uv": [0, 15, 16, 16], "texture": "#front"},
				"east": {
					"uv": [0, 0, 1, 16],
					"texture": "#side",
					"rotation": 90
				},
				"south": {"uv": [0, 0, 16, 1], "texture": "#side"},
				"west": {
					"uv": [15, 0, 16, 16],
					"texture": "#side",
					"rotation": 90
				},
				"up": {"uv": [0, 0, 16, 16], "texture": "#top"},
				"down": {"uv": [0, 0, 16, 16], "texture": "#side"}
			}
		},
		{
			"name": "Leg - NW",
			"from": [0.5, 0, 0.5],
			"to": [2.5, 15, 2.5],
			"shade": true,
			"faces": {
				"north": {"uv": [0, 0, 1, 15], "texture": "#side"},
				"east": {"uv": [0, 0, 1, 15], "texture": "#side"},
				"south": {"uv": [0, 0, 1, 15], "texture": "#side"},
				"west": {"uv": [0, 0, 1, 15], "texture": "#side"},
				"down": {"uv": [0, 14, 1, 15], "texture": "#side"}
			}
		},
		{
			"name": "Leg - SW",
			"from": [0.5, 0, 13.5],
			"to": [2.5, 15, 15.5],
			"shade": true,
			"faces": {
				"north": {"uv": [0, 0, 1, 15], "texture": "#side"},
				"east": {"uv": [0, 0, 1, 15], "texture": "#side"},
				"south": {"uv": [0, 0, 1, 15], "texture": "#side"},
				"west": {"uv": [0, 0, 1, 15], "texture": "#side"},
				"down": {"uv": [0, 14, 1, 15], "texture": "#side"}
			}
		},
		{
			"name": "Leg - SE",
			"from": [13.5, 0, 13.5],
			"to": [15.5, 15, 15.5],
			"shade": true,
			"faces": {
				"north": {"uv": [0, 0, 1, 15], "texture": "#side"},
				"east": {"uv": [0, 0, 1, 15], "texture": "#side"},
				"south": {"uv": [0, 0, 1, 15], "texture": "#side"},
				"west": {"uv": [0, 0, 1, 15], "texture": "#side"},
				"down": {"uv": [0, 14, 1, 15], "texture": "#side"}
			}
		},
		{
			"name": "Leg - NE",
			"from": [13.5, 0, 0.5],
			"to": [15.5, 15, 2.5],
			"shade": true,
			"faces": {
				"north": {"uv": [0, 0, 1, 15], "texture": "#side"},
				"east": {"uv": [0, 0, 1, 15], "texture": "#side"},
				"south": {"uv": [0, 0, 1, 15], "texture": "#side"},
				"west": {"uv": [0, 0, 1, 15], "texture": "#side"},
				"down": {"uv": [0, 14, 1, 15], "texture": "#side"}
			}
		},
		{
			"name": "Drawer - Base - Top",
			"from": [4, 10, 1],
			"to": [12, 11, 11],
			"shade": true,
			"faces": {
				"east": {"uv": [5, 0, 15, 1], "texture": "#drawer_side"},
				"west": {"uv": [1, 0, 11, 1], "texture": "#drawer_side"},
				"up": {
					"uv": [0, 5, 8, 15],
					"texture": "#drawer_side",
					"rotation": 180
				},
				"down": {"uv": [0, 5, 8, 15], "texture": "#drawer_side"}
			}
		},
		{
			"name": "Drawer - Side - Top Right",
			"from": [4, 11, 1],
			"to": [5, 13, 11],
			"shade": true,
			"faces": {
				"east": {"uv": [5, 0, 15, 2], "texture": "#drawer_side"},
				"west": {"uv": [1, 0, 11, 2], "texture": "#drawer_side"},
				"up": {"uv": [0, 1, 1, 11], "texture": "#drawer_side"}
			}
		},
		{
			"name": "Drawer - Front - Top",
			"from": [3, 10, 0],
			"to": [13, 14, 1],
			"shade": true,
			"faces": {
				"north": {"uv": [3, 2, 13, 6], "texture": "#drawer_front"},
				"east": {"uv": [3, 2, 4, 6], "texture": "#drawer_front"},
				"south": {
					"uv": [3, 2, 13, 6],
					"texture": "#drawer_front",
					"rotation": 180
				},
				"west": {"uv": [12, 2, 13, 6], "texture": "#drawer_front"},
				"up": {"uv": [3, 2, 13, 3], "texture": "#drawer_front"},
				"down": {
					"uv": [3, 5, 13, 6],
					"texture": "#drawer_front",
					"rotation": 180
				}
			}
		},
		{
			"name": "Drawer - Side - Top Left",
			"from": [11, 11, 1],
			"to": [12, 13, 11],
			"shade": true,
			"faces": {
				"east": {"uv": [5, 0, 15, 2], "texture": "#drawer_side"},
				"west": {"uv": [1, 0, 11, 2], "texture": "#drawer_side"},
				"up": {"uv": [0, 1, 1, 11], "texture": "#drawer_side"}
			}
		},
		{
			"name": "Drawer - Handle - Top",
			"from": [7.5, 11.5, -0.5],
			"to": [8.5, 12.5, 0],
			"shade": true,
			"faces": {
				"north": {"uv": [8, 12, 9, 13], "texture": "#drawer_front"},
				"east": {"uv": [7, 12, 8, 13], "texture": "#drawer_front"},
				"west": {"uv": [9, 12, 10, 13], "texture": "#drawer_front"},
				"up": {"uv": [7, 11, 8, 12], "texture": "#drawer_front"},
				"down": {"uv": [6, 12, 7, 13], "texture": "#drawer_front"}
			}
		},
		{
			"name": "Drawer - Base - Bottom",
			"from": [4, 5, 1],
			"to": [12, 6, 11],
			"shade": true,
			"faces": {
				"east": {"uv": [5, 0, 15, 1], "texture": "#drawer_side"},
				"west": {"uv": [1, 0, 11, 1], "texture": "#drawer_side"},
				"up": {
					"uv": [0, 5, 8, 15],
					"texture": "#drawer_side",
					"rotation": 180
				},
				"down": {"uv": [0, 5, 8, 15], "texture": "#drawer_side"}
			}
		},
		{
			"name": "Drawer - Side - Bottom Right",
			"from": [4, 6, 1],
			"to": [5, 8, 11],
			"shade": true,
			"faces": {
				"east": {"uv": [5, 0, 15, 2], "texture": "#drawer_side"},
				"west": {"uv": [1, 0, 11, 2], "texture": "#drawer_side"},
				"up": {"uv": [0, 1, 1, 11], "texture": "#drawer_side"}
			}
		},
		{
			"name": "Drawer - Side - Bottom Left",
			"from": [11, 6, 1],
			"to": [12, 8, 11],
			"shade": true,
			"faces": {
				"east": {"uv": [5, 0, 15, 2], "texture": "#drawer_side"},
				"west": {"uv": [1, 0, 11, 2], "texture": "#drawer_side"},
				"up": {"uv": [0, 1, 1, 11], "texture": "#drawer_side"}
			}
		},
		{
			"name": "Drawer - Front - Bottom",
			"from": [3, 5, 0],
			"to": [13, 9, 1],
			"shade": true,
			"faces": {
				"north": {"uv": [3, 2, 13, 6], "texture": "#drawer_front"},
				"east": {"uv": [3, 2, 4, 6], "texture": "#drawer_front"},
				"west": {"uv": [12, 2, 13, 6], "texture": "#drawer_front"},
				"up": {"uv": [3, 2, 13, 3], "texture": "#drawer_front"},
				"down": {
					"uv": [3, 5, 13, 6],
					"texture": "#drawer_front",
					"rotation": 180
				}
			}
		},
		{
			"name": "Drawer - Handle - Bottom",
			"from": [7.5, 6.5, -0.5],
			"to": [8.5, 7.5, 0],
			"shade": true,
			"faces": {
				"north": {"uv": [8, 12, 9, 13], "texture": "#drawer_front"},
				"east": {"uv": [7, 12, 8, 13], "texture": "#drawer_front"},
				"west": {"uv": [9, 12, 10, 13], "texture": "#drawer_front"},
				"up": {"uv": [7, 11, 8, 12], "texture": "#drawer_front"},
				"down": {"uv": [6, 12, 7, 13], "texture": "#drawer_front"}
			}
		}
	]
}